id,first_name,last_name,country
1,Fey,Ambrogetti,China
2,Alexi,Choake,China
3,Gerty,Dunstan,China
4,Aleda,Lowden,China
5,Garwood,Newlove,South Africa
6,Pippa,Verner,Russia
7,Budd,Lindborg,China
8,Giuditta,Zanetto,Poland
9,Patton,Toffoletto,Afghanistan
10,Koenraad,Greenmon,China
11,Kippie,Haggar,Egypt
12,Agnella,Graeser,Palestinian Territory
13,Harman,Grumbridge,Indonesia
14,Erroll,Langeren,Sweden
15,Henrik,Copp,France
16,Lynn,Seakin,East Timor
17,Lela,Farries,Colombia
18,Waylin,Prettyjohn,China
19,Federico,Rowbury,Jordan
20,Enrique,Seyler,Philippines
21,Inness,Twelvetrees,Sweden
22,Barron,Caulwell,China
23,Maureene,Riddett,Russia
24,Rollins,Haydney,Sweden
25,Gizela,Mulvin,Tajikistan
26,Riobard,Symonds,Russia
27,Desi,Jeafferson,Philippines
28,Ebonee,Arnaudon,Russia
29,Melisande,Goodram,South Africa
30,Adriana,Meddick,Japan
31,Basilio,Beedell,Indonesia
32,Palm,Dibley,Brazil
33,Marylynne,Cowdray,Mexico
34,Carola,Rodie,Tanzania
35,Conan,Piers,China
36,Alexander,Bliss,Argentina
37,Rena,O'Grada,China
38,Jaimie,Tedorenko,China
39,Tallie,Colliver,United States
40,Ardyth,Chatelet,China
41,Lynne,Langfat,Poland
42,Eada,Garner,Indonesia
43,Jacintha,Yellowlea,China
44,Adriaens,Groocock,China
45,Adler,Stanbridge,China
46,Merrielle,Maggiori,Indonesia
47,Isidoro,Briar,Poland
48,Tiffy,Dressell,China
49,Martica,Nettleship,Russia
50,Marley,Brotherhead,Spain
