id,first_name,last_name,country
9,Patton,Toffoletto,Afghanistan
36,Alexander,Bliss,Argentina
32,Palm,Dibley,Brazil
1,Fey,Ambrogetti,China
2,Alexi,Choake,China
3,Gerty,Dunstan,China
4,Aleda,Lowden,China
7,Budd,Lindborg,China
10,Koenraad,Greenmon,China
18,Waylin,Prettyjohn,China
22,Barron,Caulwell,China
35,Conan,Piers,China
37,Rena,O'Grada,China
38,Jaimie,Tedorenko,China
40,Ardyth,Chatelet,China
43,Jacintha,Yellowlea,China
44,Adriaens,Groocock,China
45,Adler,Stanbridge,China
48,Tiffy,Dressell,China
17,Lela,Farries,Colombia
16,Lynn,Seakin,East Timor
11,Kippie,Haggar,Egypt
15,Henrik,Copp,France
13,Harman,Grumbridge,Indonesia
31,Basilio,Beedell,Indonesia
42,Eada,Garner,Indonesia
46,Merrielle,Maggiori,Indonesia
30,Adriana,Meddick,Japan
19,Federico,Rowbury,Jordan
33,Marylynne,Cowdray,Mexico
12,Agnella,Graeser,Palestinian Territory
20,Enrique,Seyler,Philippines
27,Desi,Jeafferson,Philippines
8,Giuditta,Zanetto,Poland
41,Lynne,Langfat,Poland
47,Isidoro,Briar,Poland
6,Pippa,Verner,Russia
23,Maureene,Riddett,Russia
26,Riobard,Symonds,Russia
28,Ebonee,Arnaudon,Russia
49,Martica,Nettleship,Russia
5,Garwood,Newlove,South Africa
29,Melisande,Goodram,South Africa
50,Marley,Brotherhead,Spain
14,Erroll,Langeren,Sweden
21,Inness,Twelvetrees,Sweden
24,Rollins,Haydney,Sweden
25,Gizela,Mulvin,Tajikistan
34,Carola,Rodie,Tanzania
39,Tallie,Colliver,United States
